ID,Name,Birth Date,Phone Number,Email Id,Address,Date,Time,Link,Text
1,Stacey Smith,11-03-1977,(909)137-4797,dburke@hotmail.com,"30600 Daniel Inlet Suite 691
South Evan, AR 82657",2019-11-17,11:20:13,http://www.mejia.com/,stop
2,George Garcia,25-08-1994,6081309499,sbrown@gmail.com,"027 Taylor Brooks Apt. 343
Estradatown, AK 36873",2016-01-10,20:33:04,http://www.sosa.org/,pay
3,Shelby Hughes,11-10-1996,369-729-2218,eroberts@webb-walker.com,"0298 Freeman Shore Suite 697
Pattersonside, VT 22940",2015-05-18,18:44:20,http://www.ruiz.org/,break
4,Jamie Wilcox,23-10-1993,+1-215-567-9983,fbyrd@allen-robinson.com,"464 Melissa Cape
West Meaganstad, NJ 89459",1997-05-29,18:05:28,http://www.dyer.com/,news
5,Jonathan Kelly,22-03-1990,(402)847-3892x3074,moodyjared@weiss-scott.com,"252 Brandon Keys
Port Darryl, MI 61311",1980-12-17,05:28:40,http://hall.org/,team
6,Katrina Pitts,29-07-1985,(072)259-6535,michael67@hotmail.com,"45177 Colin Ford
Port Richard, PA 48856",1991-01-21,08:57:08,http://jensen-stephens.com/,those
7,Pamela Bird,12-01-1972,001-110-496-5680x8987,evansneil@lopez.com,"Unit 1784 Box 6969
DPO AA 75787",1977-05-20,16:54:28,https://www.mason.com/,need
8,Valerie Scott,29-03-1980,478.929.9888,ryan43@reid.com,"020 Stephens Prairie Apt. 868
Stevenhaven, WI 43372",2003-01-19,11:07:32,http://www.murphy.com/,group
9,Krystal Hayden,12-06-1983,(987)385-6273,erikbarton@ryan-kemp.com,"45988 Johnson Island
North James, MN 36252",1981-12-22,11:47:25,http://nolan.biz/,similar
10,Angela Walker,26-08-1983,(615)305-8136,istuart@lara-lester.com,"927 Michelle Ridges
Riddlemouth, VA 61135",1970-08-30,16:58:50,https://roberts.com/,walk
11,Julie Lyons,13-10-1974,231.068.3888,obrown@rodriguez-davis.net,"55187 Lisa Plains
East Gregoryfurt, DC 99269",2005-08-09,14:35:53,http://www.castillo-alexander.com/,plan
12,Brenda Haas,21-10-1983,4179721648,ddean@hughes.com,"USS Jones
FPO AP 16284",2018-06-21,17:03:25,https://sullivan.biz/,impact
13,Daniel Wilson,13-01-1989,(580)335-2695,jashley@gmail.com,"75608 Webb Extensions
New Emilyborough, ME 36989",2019-08-30,02:20:32,http://www.faulkner.com/,ground
14,Sharon Hampton,27-09-1997,232.428.4108,willie04@gmail.com,"077 Brandon Center Apt. 260
Port Katieville, DE 59015",2008-04-15,11:29:46,http://jackson.com/,everyone
15,Michael Wu,05-08-1997,(216)225-5992x43120,georgesilva@hart.net,"USCGC Vega
FPO AA 41048",2006-08-10,05:11:38,http://www.clark.com/,situation
16,Jerome Miller,30-10-1981,087-287-1799x46441,walterwest@schmidt.com,"77100 Richard Place Suite 285
Wilsonport, TN 49823",2005-02-14,07:44:38,http://white-khan.info/,factor
17,Amanda Jordan,06-08-1986,+1-678-302-7188,taylorjessica@gmail.com,"34215 Kimberly Camp
Lake Melissa, MD 73293",2002-11-15,18:33:14,https://anderson.info/,pull
18,Raymond Johnson,23-10-1996,(579)760-3454x2875,robincervantes@gmail.com,"201 Leslie Rapid
Michaelfurt, MS 78886",2014-02-22,19:37:19,http://www.jackson.net/,try
19,Jennifer Wilson,18-09-1980,(541)387-3888x83705,valerie86@hotmail.com,"PSC 7014, Box 7414
APO AE 48246",2006-11-26,20:54:06,http://hoover-robertson.info/,project
20,Juan Reed,27-05-1979,972.980.5609,iwilliams@jensen.net,"Unit 9524 Box 8545
DPO AA 47564",1976-06-30,12:07:54,https://lee.biz/,short
21,Judith Young,28-11-1991,(234)355-8267x69208,curtisbernard@murray.org,"65360 Michael Landing Apt. 516
Lake Michael, NC 40821",2010-11-14,02:36:18,https://rodriguez.org/,important
22,Jeffery Dawson,25-08-1972,001-835-405-0258x418,amolina@hotmail.com,"836 Myers Light Suite 560
Jasonland, FL 76372",2016-04-15,17:33:41,https://barker-walker.info/,seat
23,Stephanie Waters,12-06-1982,+1-240-209-2433x115,hjohnson@villa.org,"7015 Carpenter Avenue
East Randallmouth, VA 92965",1982-09-17,10:50:56,https://www.clark.info/,simply
24,Brittney Williams,22-09-1988,(564)310-1368x755,brianbradford@edwards-conner.com,"5963 Dennis Meadow Apt. 873
Port Kenneth, SD 95599",1992-08-18,03:51:05,https://murray.com/,theory
25,Kelly Pham,09-04-1977,001-974-052-4889,jasonrobertson@bailey.com,"40540 Michael Ville Suite 146
North Allison, VT 79703",2011-04-07,14:48:57,https://www.webb-hanna.info/,reach
26,Allison Caldwell,03-09-1980,+1-695-644-8019x276,shannonallen@brown.info,"PSC 7503, Box 6710
APO AP 22112",1971-10-22,06:28:21,http://jones.info/,red
27,Nicolas Holland,25-09-1993,+1-081-940-6047,brett82@hotmail.com,"509 Jackson Crossroad
East Jeffery, TN 47858",1976-11-09,16:19:12,http://bryant.com/,across
28,Amy Boyle,10-04-1974,001-758-494-4865x470,laura01@hotmail.com,"50495 Shannon Lake Suite 884
Joshuamouth, WI 98862",1973-06-08,20:15:11,http://www.faulkner.com/,father
29,Tina Wallace,20-08-1978,(208)530-0629x74716,melindasmith@gmail.com,"674 Billy Passage
Craigside, WI 38747",1993-03-30,23:08:37,http://www.williamson-collins.com/,arm
30,David Lewis,03-07-1981,099-495-2638x4340,aliciaandrews@johnson.com,"3206 Aaron Cliff
Port Melissaborough, NE 10410",1975-01-07,21:17:08,https://conrad-burton.org/,car
31,Gloria Bennett,29-04-1994,001-936-825-6746x9637,erik64@gmail.com,"Unit 5661 Box 6503
DPO AE 99711",2019-03-22,21:40:07,https://hansen.com/,reason
32,Patrick Bennett,17-05-1980,001-524-295-1598x79982,orobertson@frye.info,"65494 Walton Knolls
Walkerfurt, NJ 10039",1993-04-06,05:13:40,http://www.walters.com/,note
33,Andrew Martinez,19-09-1973,753-391-9128x28981,jacob50@wilson.com,"855 Kevin Circles Suite 346
Joneschester, TN 70227",1986-05-10,16:02:14,https://spencer.info/,will
34,Jennifer Castaneda,05-07-1988,287.605.4967,blankenshipadam@lewis.com,"3772 Christine Loop Suite 200
Patriciaborough, NH 30159",1985-06-18,09:48:42,http://www.lyons.biz/,worker
35,Donna Humphrey,14-04-1994,+1-451-834-9916,fwhite@howard-munoz.org,"45968 Nicholas Point Apt. 653
Michaelfurt, MI 86785",1975-08-14,10:36:15,http://cardenas.com/,with
36,Kimberly Lopez,12-12-1978,(974)373-8319,ojohnston@mason.org,"4706 Mcgee Gardens
Marissafurt, IL 06902",1978-06-10,05:55:56,https://gray-miller.com/,draw
37,Jeremy Duncan,18-09-1983,938.039.6426x87979,zachary97@griffin-haas.com,"237 Kenneth Cliffs Apt. 732
Cherylland, MI 85033",1980-07-21,12:11:56,https://mcmahon-west.info/,top
38,Catherine Robertson,09-12-1991,(542)790-2704,chadlove@yahoo.com,"28036 Nicole Falls Suite 580
New Jamesshire, IA 87300",1999-02-04,11:45:14,http://leach.net/,hear
39,Daniel Evans,23-11-1978,(756)849-1477x34301,lynnwilliams@long.com,"13889 Johnson Creek Suite 825
North Keithtown, MN 46251",1983-03-04,00:11:38,http://williams-jones.com/,wife
40,Terry Brown,26-04-1998,001-878-340-7189x98558,kyle74@gmail.com,"40760 Bennett Summit Apt. 419
South Vanessa, MN 54752",1975-05-02,19:42:11,http://hansen-torres.info/,ok
41,Angela Murillo,21-11-1978,001-493-654-0280x50402,sarah28@austin.com,"1349 Jessica Common
Lake Abigail, LA 76261",2019-01-15,01:23:26,https://davis-lee.net/,over
42,Jordan Hendricks,12-11-1972,001-099-582-5959x300,jeremyayers@gmail.com,"763 Cunningham Throughway
Lake Shawnside, MT 35702",2004-01-18,01:50:36,https://www.rodriguez.com/,civil
43,Steve Smith,31-01-1982,(022)574-5438,bryanwinters@mcdaniel.com,"948 Karen Walks
Lake Meganburgh, AL 65050",1991-12-08,19:16:24,http://snyder.biz/,return
44,Pamela Jones,14-02-1988,884.257.0386,julie01@peterson.info,"PSC 1627, Box 7864
APO AA 87099",2012-05-08,06:37:37,http://ritter-bennett.org/,save
45,Caitlin Lawson,11-02-1977,377-046-7073,tammy38@vazquez.com,"60560 Wilson Lodge Apt. 904
Port Bailey, NC 05580",2007-11-04,20:06:00,https://www.hughes.com/,authority
46,Mary Monroe MD,26-11-1996,041-458-6350x896,gbrown@hartman-sellers.com,"1757 Richardson Shoal Suite 262
Carolynside, AZ 65953",2015-04-12,20:50:36,http://www.kirk.com/,program
47,Deborah Marshall,07-11-1987,001-453-569-9065x77797,sheltonmaria@montes.com,"30595 Carlos Curve
Port Gabrielaside, MS 06523",1984-04-08,16:28:11,https://black.com/,investment
48,Justin Andrews,02-09-1998,001-175-721-0001x47187,acox@gmail.com,"02525 Michelle Ferry Suite 233
Scottberg, MT 64508",1984-08-06,22:43:48,https://www.vasquez.com/,affect
49,Grant Watson,05-11-1991,+1-059-244-1043x807,mitchellcody@yahoo.com,"191 Melissa Bypass Apt. 256
East Michaelville, NY 97404",1977-06-21,08:58:37,http://greer.com/,maybe
50,Jared Cooper,23-10-1970,538-903-0669x725,chasecorey@smith-patterson.net,"196 Miller Overpass Suite 477
North Peter, NY 80383",2014-01-12,16:16:23,https://spears-yates.com/,series
51,Jeffrey Duran,13-04-1976,+1-745-781-9416x25067,barbaragriffin@smith-brown.com,"91695 Wells Mount Suite 161
East Cynthia, IL 85573",2010-11-09,12:56:13,http://www.wheeler-brown.com/,eight
52,Mary Brown,28-08-1994,(850)448-2571x8702,morganpeter@gmail.com,"0846 Hoover Roads
Rebeccaside, LA 98379",2003-02-10,03:15:07,http://www.potter.com/,feeling
53,Richard Woods,30-03-1970,(393)346-4750x38282,williamsjoshua@yahoo.com,"1114 Linda Pike
West Sue, CO 34510",1976-05-01,08:08:01,https://adams-rodriguez.com/,affect
54,William Smith,29-03-1979,(859)347-0346,melendezrose@miller-boyd.info,"831 May Way Suite 862
West Jasonport, WV 76154",1981-01-22,05:58:47,http://www.smith.com/,between
55,Harold Hernandez,25-01-1975,001-749-549-3676x68912,torresderek@myers.com,"041 Foster Port
Juliabury, NJ 54838",1978-01-25,15:22:37,https://www.becker.com/,could
56,Susan Hammond,12-08-1991,(765)229-6136,hobbstaylor@franklin-miller.com,"6077 Schwartz Centers
West Stephanieborough, WA 04497",1994-06-24,20:23:09,http://www.hudson-robinson.com/,act
57,James Lewis,28-09-1995,281-177-6122x2756,mgutierrez@gmail.com,"248 Richards Camp Apt. 977
Andrewville, AR 10457",1986-08-19,14:02:31,https://morris.com/,by
58,Michael Garcia,23-02-1977,137-124-8439x225,leslieharris@yahoo.com,"164 James Lodge Suite 263
Kruegerhaven, MO 96300",1996-11-26,09:42:57,http://fuller-holmes.com/,work
59,Wayne Williams,26-11-1980,+1-579-025-8613x2028,btorres@wells.net,"6583 Stephanie Ranch Apt. 379
New Jeremy, RI 24288",2010-01-23,17:10:37,https://www.lee-bass.net/,section
60,James Greer,05-05-1995,912.369.5495x04732,johnsonkathleen@medina.net,"9205 Brian Estate
Richardsburgh, AZ 70867",2008-02-29,22:54:10,https://hopkins-davis.org/,little
61,Mrs. Leslie Blanchard,04-11-1997,702-950-9384x911,bradley13@gmail.com,"571 Diaz Mission Apt. 632
New Brandon, AZ 73671",2014-05-17,18:42:56,http://www.schneider.com/,five
62,Jesus Warren,04-12-1975,640.659.9770,lhernandez@reid.com,"227 Brown Lane Apt. 498
South David, LA 42646",1988-09-20,09:09:39,http://smith-johnson.com/,move
63,Julie White,11-08-1973,001-635-847-4472x42967,jade70@hotmail.com,"068 Andrew Extensions Apt. 850
South Alison, SC 77293",2000-05-20,00:05:44,http://washington.com/,next
64,Katherine Mcdowell,04-08-1992,746.022.0821x0527,jpatrick@diaz.com,"3186 Haley Road Suite 424
New Adamtown, MT 43005",2011-04-20,10:38:27,https://curry-gallagher.biz/,indeed
65,Amber Harris,17-10-1970,456.919.1710,dawnharris@delacruz.net,"64291 Thompson Square Apt. 247
Allisonborough, MA 59090",1985-03-22,17:55:34,http://mclaughlin-tucker.org/,why
66,Donald Burke,19-08-1976,933.317.3139x3080,cindypatterson@white.com,"014 Jones Junctions Suite 764
East Kristy, MD 41899",1973-08-11,17:02:50,http://smith.net/,home
67,Michelle Galvan,19-08-1982,652.657.3956,andrea26@collins.com,"USCGC Lawrence
FPO AE 52314",2009-04-16,00:36:02,https://brown-turner.com/,star
68,Richard Alvarado,18-07-1989,166-493-9357x1862,hoffmanjamie@robinson.com,"45198 Meyer Road Apt. 893
South Brian, AL 38674",2000-09-06,15:23:17,https://www.hanna.com/,several
69,Lori Smith,20-01-1992,+1-473-743-5950,mlewis@hudson.com,"3045 Williams Rapids
Tamaraberg, RI 11969",2007-07-26,19:56:44,http://humphrey.com/,successful
70,Shelby Short,18-06-1992,+1-021-102-1524,harrisbrittney@yahoo.com,"48737 Erika Rapid
Hannahborough, AK 54203",1989-02-04,11:31:51,https://forbes.com/,memory
71,Christopher Hoover,25-11-1983,373.908.8974x158,crodriguez@flores.biz,"Unit 9032 Box 1136
DPO AE 21443",2003-06-05,19:43:33,http://www.franco.com/,miss
72,Michelle Kelley,22-06-1984,001-407-901-8594x13029,adrianawest@adams.com,"97302 Michelle Shoals Suite 981
Lake Ryanburgh, KS 90286",1997-04-12,14:35:11,http://garcia.com/,light
73,Shelly Bennett,24-04-1994,+1-465-260-0307x0955,browntiffany@gmail.com,"541 Heath Loop
Kimberlyton, WY 06297",2006-02-03,05:33:23,http://carney.net/,either
74,Amanda Price,02-02-1979,+1-080-147-6879x4897,drewwilson@gmail.com,"8745 Knight Crossroad Suite 246
Monicafort, TX 54247",1972-01-29,12:49:52,https://wheeler-alvarez.net/,I
75,Russell Barr,17-03-1981,(124)887-9175x8924,rachel59@gmail.com,"4681 Mccann Brook
Port Devinchester, AL 29261",1993-07-02,16:40:44,https://www.cook.com/,agreement
76,Heather Woods,27-11-1978,665.818.1191x9947,lopezfrancisco@ferguson.info,"9770 Jackson Street Suite 297
Weberland, DC 98183",1993-06-20,23:22:49,https://baldwin.com/,knowledge
77,Jennifer Phelps,03-08-1987,(418)946-0009x220,hobbskatie@yahoo.com,"USNV Hall
FPO AE 57586",1993-09-04,14:31:58,https://jones.biz/,election
78,Mark Lee,12-12-1997,+1-868-550-2947,melvinherman@miller-graham.info,"065 Arthur Harbors
Danielchester, OR 50870",2014-05-07,17:53:41,http://mccormick.com/,trade
79,Kara Patel,28-01-1990,8374825432,frank83@gibson-young.org,"2467 Brittany Dale
Peterchester, MN 45306",2007-05-28,01:42:30,http://anderson.biz/,soldier
80,Kelly Carr,03-09-1980,001-701-104-2368x815,campbellpaul@hotmail.com,"590 Torres Fields Apt. 388
Patriciatown, WA 99571",1984-11-22,18:10:51,http://campbell.com/,win
81,Nancy Sims,17-09-1972,(919)604-1897,macdonaldgerald@yahoo.com,"42924 Sanchez Loaf Suite 712
Port Juliemouth, OK 44649",1979-09-30,22:23:27,https://www.adams-armstrong.com/,get
82,Cynthia Adams,04-03-1993,873-849-8305,mayerrobert@cannon.com,"38368 Maria Camp
South Danielport, WI 99444",1974-09-03,01:12:10,https://www.lopez-bridges.net/,network
83,Samantha Noble,16-03-1979,+1-810-536-3578x822,stephanie54@hotmail.com,"USCGC Knapp
FPO AA 16749",2013-10-10,13:06:33,http://atkinson.com/,main
84,Emily Peters,30-07-1996,(828)628-0028x25634,popenicholas@petersen.com,"973 Kristi Cliffs
Bergstad, NJ 23698",1987-04-24,02:20:20,http://jackson-johnson.com/,those
85,Gina Cook,14-09-1993,+1-277-733-7602x473,alicia16@hotmail.com,"599 Cooley Keys
North Coreyfurt, AK 43591",1996-04-26,11:09:44,https://hall-brooks.com/,note
86,Cindy Harris,07-11-1975,+1-614-896-8714x41644,chelsey48@harvey.com,"6947 James Radial Suite 517
Mortonbury, IN 88847",1983-03-16,08:18:02,https://stewart.com/,authority
87,Sheri Gonzalez,26-05-1979,854-282-5453x233,kayla92@hotmail.com,"02324 Randy Union
East Meganborough, IL 60356",1987-09-04,08:34:12,https://www.johnston.com/,cause
88,Bryce Phillips,08-03-1977,+1-203-411-7182x57849,grantjohnson@ferguson.org,"825 James Tunnel Suite 407
Kevinmouth, NE 78760",1970-04-01,15:22:13,https://collins.com/,deep
89,Maria Schwartz,03-05-1974,716-252-1022x31832,molly18@gmail.com,"USNS Soto
FPO AP 62393",2008-01-30,00:47:14,http://jensen-carroll.com/,control
90,Laura Johnson,21-03-1994,232.324.5497,fhughes@gmail.com,"5151 Ritter Haven Apt. 218
Port Amymouth, NE 50118",1993-01-21,03:52:38,https://www.carlson.info/,memory
91,Anthony Cardenas,10-03-1974,455-207-7812x64687,wkelley@yahoo.com,"807 Deborah Valleys
Tommyfort, TX 75494",1978-06-05,08:44:47,http://www.castro.com/,recent
92,Alexander Ray,24-07-1976,+1-186-508-8891x52145,kevin48@yahoo.com,"00216 Casey Forge Suite 136
Brooksburgh, NV 72520",1987-11-10,11:56:50,https://johnson-figueroa.com/,find
93,David Carroll,02-04-1976,537-947-1524,zbrewer@gmail.com,"887 Ryan Court Apt. 045
Lake Timothy, KY 33754",2019-04-15,07:14:21,https://mckay-duffy.com/,run
94,Andrew Townsend,16-01-1999,922.718.2349,ysutton@richardson.info,"962 Robert Circle Suite 774
Lake Tammy, MA 78143",2016-07-13,15:50:24,https://nelson.org/,must
95,Maureen Bennett,29-03-1984,475-994-9965,corey91@gmail.com,"2147 Bradley Green Suite 605
New Ivantown, NE 04707",1983-09-29,17:36:15,https://williams.info/,indicate
96,Alexander Welch,04-08-1989,(589)621-9960x31941,derekwood@yahoo.com,"97117 Singleton Spur Suite 531
Castanedabury, MD 06609",2003-04-21,05:02:25,https://www.moss.com/,study
97,Barbara Cook,23-02-1983,(898)079-3994x06196,davidmeyer@foster.info,"31953 Wilson Loop Apt. 166
New Amy, NH 38430",1974-02-04,05:14:04,http://www.singleton.biz/,attention
98,Cassandra Miller,17-04-1996,003-415-1466,zarnold@gmail.com,"38052 Erin Views
Kurtton, MT 98252",1979-08-11,19:39:16,http://www.johns.info/,notice
99,Mrs. Rachel Valdez DDS,22-01-1984,918-936-7395,romerohenry@paul-farley.com,"139 Shawn Land Suite 313
New James, AR 70403",1988-12-10,05:26:36,http://www.thompson.net/,law
100,Ashley Jackson,01-09-1988,(895)512-8585x89578,obrienjames@hotmail.com,"358 Williams Rapid
Tristanborough, NJ 18242",1997-08-28,01:33:01,http://mckinney.org/,water
